id,fullName
0,Glenn Schultz
1,Gilbert Joseph
2,Francis Logan
3,Landon Walters
4,Nannie Floyd
5,Brandon Maldonado
6,Bruce Sutton
7,Miguel Todd
8,Flora Johnson
9,Harriett Armstrong
10,Joshua Nash
11,Alan Daniel
12,Sophia Rodriguez
13,Pauline Owen
14,Joseph Lucas
15,Mamie Gross
16,Bruce Spencer
17,Lilly Mills
18,Hunter Holloway
19,Polly Reed
20,Maria Copeland
21,Clifford Wright
22,Callie Munoz
23,Francis Jenkins
24,Adam Lewis
25,Georgia Burns
26,Milton Reid
27,Seth Gross
28,Gerald Turner
29,Ella Ortiz
30,Max Stone
31,Ina James
32,Edwin Tyler
33,Lilly Phelps
34,Harold Cannon
35,Henry Francis
36,Travis Hogan
37,Hilda Mason
38,Fannie Wright
39,Angel Sutton
40,Tommy Barnes
41,Mittie Pratt
42,Adelaide Welch
43,Isaiah Owen
44,Herbert Hodges
45,Herman Moody
46,Wayne Leonard
47,Howard Hamilton
48,Iva Jacobs
49,Bobby Boone
50,Lina Pope
51,Jerry Jordan
52,Corey Pena
53,Jared Chavez
54,Tyler Mendez
55,Lettie Willis
56,Dorothy Sharp
57,David Klein
58,Adele Stewart
59,Bernard Owen
60,Cynthia Lambert
61,Curtis Doyle
62,Ruth Schultz
63,Lelia Hill
64,Andre Ellis
65,Tom Webb
66,Russell Roberts
67,Jane Reed
68,Ernest Price
69,Sallie Murphy
70,Floyd Nichols
71,Cora Nunez
72,Louise Cunningham
73,Lida Kennedy
74,Isabel Mann
75,Julian Fitzgerald
76,Jane Fox
77,Benjamin Bridges
78,Grace Bailey
79,Lena Lewis
80,Mable Chandler
81,Lois Mack
82,Elizabeth McLaughlin
83,Hunter Fox
84,Bessie Burns
85,Helena Stokes
86,Caroline Padilla
87,Terry Love
88,Gussie Guzman
89,Hannah Fleming
90,Lina Morris
91,Vernon Davis
92,Trevor Holt
93,Eugene Bennett
94,Kathryn Newman
95,Lura West
96,Susan Silva
97,Ada McLaughlin
98,Robert Poole
99,Logan Lyons
